Model,RMSE,MAE,MASE
Mean,762.1198302433023,646.9132833466588,2.591379421780765
Naive,762.5744158862615,652.1597603785104,2.6123955501664
Seasonal Naive,424.4599650669771,325.75305250305246,1.3048885817766216
Drift,978.9353157876136,833.8874681511801,3.3403531519229426
