Model,RMSE,MAE
SARIMAX,286.45306409590006,222.4040570984838
